scene_id,start,end,beat,narration_anchor,asset_id,format,scene_type,visual,shot,subject_position,props,motion,text_on_screen,sfx,retention_role
S001,00:00,00:06,hook,"Você recebe a mensagem",A01,image,CHARACTER_SCENE,"FIN recebe no celular a notícia do aumento enquanto trabalha; a reação surge no meio de uma mesa cotidiana, sem texto legível na tela",medium,left,"celular, notebook, caneca",SLOW_ZOOM_IN,"","Notificação curta",promessa
S002,00:06,00:13,hook,"Por algumas semanas",A04,image,CHARACTER_SCENE,"FIN guarda compras básicas numa cozinha modesta com postura aliviada; o ambiente mostra uma rotina um pouco mais folgada",wide,right,"sacola de mercado, alimentos básicos, geladeira",PAN_LEFT,"","Folhas",passagem_tempo
S003,00:13,00:21,hook,"Três meses depois",V01,image,CHARACTER_SCENE,"FIN espera no caixa de uma loja de conveniência e confere o saldo antes de pagar uma compra pequena",medium,left,"celular, item cotidiano, terminal de pagamento",SLOW_ZOOM_IN,"","Batida seca",contradicao
S004,00:21,00:30,hook,"nenhuma compra absurda",A03,image,CHARACTER_SCENE,"FIN paga uma compra cotidiana modesta num pequeno caixa de bairro, sem luxo ou excesso",wide,left,"recibo sem texto, sacola modesta, terminal de pagamento",PAN_RIGHT,"","Três cliques",identificacao
S005,00:30,00:42,mapa,"três coisas podem mudar",A05,image,CHARACTER_SCENE,"Em casa, FIN organiza uma compra recorrente, observa o celular e separa contas sobre a mesa; três aspectos da mesma rotina aparecem naturalmente",wide,right,"sacola, celular, envelopes de contas sem texto",LIGHT_PARALLAX,"","Três pulsos",mapa
S006,00:42,00:50,mecanismo_1,"A primeira peça",A06,image,ENVIRONMENT_SCENE,"Um conforto adquirido recentemente já se mistura à sala enquanto FIN passa por ele ocupado com a rotina",wide,right,"poltrona nova discreta, mochila, chaves",PAN_LEFT,"","Som ambiente doméstico",conceito
S007,00:50,00:59,mecanismo_1,"uma pequena traição",A06,image,CHARACTER_SCENE,"FIN para ao lado da mesa de entrada enquanto desfaz outra compra comum e percebe como aquilo já parece normal",medium,right,"recibo sem texto, sacola reutilizável, chaves",SLOW_ZOOM_IN,"","Som ambiente doméstico",curiosidade
S008,00:59,01:08,mecanismo_1,"primeiro dia usando um celular novo",A07A,image,CHARACTER_SCENE,"FIN explora um celular novo no workspace doméstico com atenção e entusiasmo visíveis",medium,left,"celular preto, pequena caixa do aparelho, luminária",SLOW_ZOOM_IN,"","Brilho curto",exemplo
S009,01:08,01:17,mecanismo_1,"Um mês depois",A07B,image,CHARACTER_SCENE,"No mesmo workspace, FIN consulta o mesmo celular enquanto pega as chaves; o aparelho já é apenas parte da rotina",medium,left,"mesmo celular preto, chaves, luminária",SLOW_ZOOM_OUT,"","Som ambiente simples",reversao
S010,01:17,01:27,evidencia,"estudo longitudinal",A08,image,OBJECT_SCENE,"Três conjuntos de formulários e anotações ocupam uma mesa acadêmica, sugerindo coleta repetida ao longo do tempo sem dados legíveis",medium,right,"formulários sem texto, lápis, calendário sem números legíveis",PAN_RIGHT,"","Lápis sobre papel",prova
S011,01:27,01:38,evidencia,"duas rotas apareceram",A09,image,CHARACTER_SCENE,"FIN usa sem entusiasmo uma aquisição recente enquanto olha de relance para outra melhoria doméstica que passou a desejar",wide,right,"objeto já familiar, catálogo visual sem texto, sofá",HOLD,"","Dois tons discretos",payoff_1
S012,01:38,01:48,mecanismo_1,"virar o novo ponto de partida",A10,image,CHARACTER_SCENE,"FIN monta o orçamento do mês na mesa da cozinha tratando a renda maior como o começo normal da rotina",medium,left,"celular, envelopes sem texto, calculadora",SLOW_ZOOM_OUT,"","Impacto macio",metafora
S013,01:48,01:58,exemplos,"pedir comida era exceção",A11,image,CHARACTER_SCENE,"FIN abre um delivery na cozinha numa noite comum de semana enquanto consulta o celular sem entusiasmo especial",wide,right,"sacola de delivery sem marca, embalagem simples, copo de água, celular",LIGHT_PARALLAX,"","Campainha distante",aplicacao
S014,01:58,02:08,payoff,"expectativa alcança a renda",V02,image,CHARACTER_SCENE,"FIN observa os confortos recentes do apartamento com expressão neutra, como coisas já esperadas da rotina",wide,left,"móvel melhor, sacola de delivery, celular",PAN_RIGHT,"","Clique final",payoff_2
S015,02:08,02:19,ressalva,"Isso não quer dizer que uma renda maior",A12,image,ENVIRONMENT_SCENE,"Uma casa modesta e estável mostra FIN pequeno ao fundo guardando compras com necessidades essenciais atendidas",wide,left,"alimentos básicos, contas fechadas sem texto, caixa de remédio, lata de reserva",PAN_RIGHT,"","Som de alívio",confianca
S016,02:19,02:29,ressalva,"não é uma ilusão psicológica",A13,image,CHARACTER_SCENE,"FIN guarda alimentos e remédios com serenidade depois de organizar as contas da casa",medium,right,"mantimentos, caixa de remédio, envelopes fechados",SLOW_ZOOM_OUT,"","Ambiente doméstico calmo",nuance
S017,02:29,02:40,evidencia,"reanálise publicada em 2023",A14,image,OBJECT_SCENE,"Um artigo acadêmico aberto ao lado de um laptop mostra uma sessão real de revisão de evidências, sem texto ou gráfico legível",medium,right,"páginas de estudo, laptop, lápis, óculos",SLOW_ZOOM_IN,"","Folha e clique",prova
S018,02:40,02:51,evidencia,"o efeito era pequeno",A15,image,SIMPLE_DATA_SCENE,"Uma única distribuição discreta de pontos com variação moderada ocupa um fundo limpo, sem eixo, rótulo ou número legível",wide,center,"pontos simples em duas cores",HOLD,"","Tiques suaves",nuance
S019,02:51,03:03,reversao,"não existe número mágico",A16,image,CHARACTER_SCENE,"FIN compara dois orçamentos domésticos diferentes sobre a mesa e percebe que nenhuma quantia isolada responde a todas as situações",wide,right,"dois conjuntos de recibos, calculadora, celular",SLOW_ZOOM_IN,"","Som de papel",payoff_3
S020,03:03,03:12,mecanismo_2,"muda o lugar de onde você olha",V03,image,CHARACTER_SCENE,"FIN sai de um elevador em um novo andar de escritório e observa um ambiente profissional mais sofisticado",wide,left,"elevador, mesas de escritório, bolsas discretas",PAN_RIGHT,"","Sino de elevador",transicao
S021,03:12,03:22,mecanismo_2,"antes da promoção",A17,image,ENVIRONMENT_SCENE,"FIN trabalha integrado a uma equipe em um escritório simples onde todos usam recursos parecidos",wide,right,"mesas simples, notebooks, canecas",PAN_LEFT,"","Escritório discreto",contexto
S022,03:22,03:32,mecanismo_2,"depois dela",A18,image,CHARACTER_SCENE,"No novo setor, FIN escuta colegas comentarem compras e viagens enquanto percebe diferenças no ambiente e nos objetos",wide,left,"maleta, chave de carro, foto de viagem sem texto",SLOW_ZOOM_IN,"","Som abafado",contraste
S023,03:32,03:42,payoff,"grupo de comparação pegou o mesmo elevador",A19,image,CHARACTER_SCENE,"FIN divide o elevador com novos colegas e nota casualmente seus objetos mais caros durante a subida",medium,right,"maletas, relógios discretos, chave de carro",PAN_UP,"","Sino de elevador",payoff_4
S024,03:42,03:53,evidencia,"posição da renda",A20,image,CHARACTER_SCENE,"Na cafeteria do trabalho, FIN ouve colegas conversarem sobre escolhas de consumo maiores e reconsidera a própria posição",wide,left,"bandejas, celulares, chave de carro",PAN_RIGHT,"","Passos leves",prova
S025,03:53,04:03,evidencia,"comparações para cima",A21,image,CHARACTER_SCENE,"FIN olha o celular de um colega que mostra uma viagem cara enquanto sua própria refeição permanece sobre a mesa",medium,right,"celular sem texto, refeição simples, xícara",SLOW_ZOOM_IN,"","Pulso agudo",insight
S026,04:03,04:13,contradicao,"ganhar mais, viver melhor",A22,image,CHARACTER_SCENE,"FIN chega a um apartamento melhor, mas observa uma compra sofisticada de um colega no celular e ainda parece atrasado",wide,left,"sacola de trabalho, celular sem texto, sala melhorada",SLOW_ZOOM_OUT,"","Escalada curta",payoff_5
S027,04:13,04:21,evidencia,"experimento de informação",A23,image,OBJECT_SCENE,"Uma carta de pesquisa aberta ao lado do orçamento doméstico sugere que novas informações chegaram a uma família",medium,right,"carta sem texto legível, envelopes, calculadora",SLOW_ZOOM_IN,"","Papel abrindo",prova
S028,04:21,04:29,evidencia,"bens duráveis",A24,image,CHARACTER_SCENE,"Após ler a carta, FIN avalia um sofá e um eletrodoméstico numa loja sem tomar uma decisão impulsiva",wide,left,"sofá, eletrodoméstico, celular",PAN_RIGHT,"","Caixa registradora",recompensa
S029,04:29,04:39,aplicacao,"colega troca de carro",A25,image,CHARACTER_SCENE,"No transporte cotidiano, FIN rola o celular e vê imagens de carro, bairro e viagem compartilhadas por conhecidos",medium,right,"celular sem texto, assento de transporte, mochila",PAN_DOWN,"","Scroll",identificacao
S030,04:39,04:49,mecanismo_3,"Imagine que Ana",A26,image,CHARACTER_SCENE,"FIN acompanha um exemplo de orçamento na mesa, colocando um comprovante de renda ao lado de cinco despesas comuns",wide,left,"comprovante sem texto, cinco envelopes, calculadora",SLOW_ZOOM_IN,"","Moeda única",setup
S031,04:49,04:59,mecanismo_3,"melhora coisas pequenas",A27,image,CHARACTER_SCENE,"FIN vive pequenas melhorias plausíveis no mesmo dia: volta para uma casa um pouco melhor com delivery e transporte mais confortáveis",wide,right,"chaves, sacola de delivery, celular, caixa de assinatura",LIGHT_PARALLAX,"","Cinco cliques",escalada
S032,04:59,05:10,mecanismo_3,"trezentos e cinquenta",A28,image,OBJECT_SCENE,"Cinco recibos de despesas recorrentes ficam lado a lado sobre a mesa junto aos objetos correspondentes, sem números legíveis",wide,left,"recibos, chave, embalagem de delivery, celular, caixa",PAN_RIGHT,"","Contador discreto",prova_visual
S033,05:10,05:18,payoff,"Sobram cinquenta reais",A29,image,CHARACTER_SCENE,"FIN confere o saldo no celular depois de separar todas as despesas e encontra pouca margem disponível",medium,right,"celular sem valor legível, envelopes, poucas moedas",SLOW_ZOOM_IN,"","Batida seca",payoff_6
S034,05:18,05:28,nuance,"Não é uma média nacional",A30,image,OBJECT_SCENE,"Calculadora, recibos e objetos de uma única casa deixam claro que se trata de um exemplo montado sobre uma mesa real",medium,left,"calculadora, recibos, lápis, objetos domésticos",HOLD,"","Carimbo discreto fora da arte",credibilidade
S035,05:28,05:39,mecanismo_3,"prazer e obrigação envelhecem",A31,image,CHARACTER_SCENE,"FIN já ignora uma compra que perdeu a novidade enquanto abre mais uma cobrança recorrente recebida pelo correio",wide,right,"objeto adquirido, envelope sem texto, calendário doméstico",SLOW_ZOOM_IN,"","Brilho que apaga",frase
S036,05:39,05:51,payoff,"aumento vira cenário",V04,image,ENVIRONMENT_SCENE,"O apartamento melhorado parece rotina; correspondências de cobranças continuam chegando enquanto FIN cruza o ambiente",wide,left,"móveis melhores, caixa de correio, envelopes fechados",LIGHT_PARALLAX,"","Passos suaves",payoff_7
S037,05:51,06:01,sintese,"junte as três peças",A32,image,CHARACTER_SCENE,"FIN chega em casa com uma compra comum, olha uma postagem de colega no celular e encontra contas sobre a mesa na mesma situação cotidiana",wide,right,"sacola, celular sem texto, envelopes",PAN_LEFT,"","Ambiente doméstico",recap
S038,06:01,06:12,sintese,"melhora em rotina",A33,image,ENVIRONMENT_SCENE,"Uma manhã comum mostra FIN atravessando a casa cercado por confortos já naturalizados e despesas recorrentes discretas",wide,left,"cafeteira, celular, delivery guardado, correspondências",PAN_RIGHT,"","Três sons cotidianos",modelo
S039,06:12,06:23,sintese,"não é apenas um número",A34,image,CHARACTER_SCENE,"FIN revisa o orçamento na mesa entre renda recebida, compromissos assumidos e hábitos que agora parecem normais",wide,right,"celular, recibos, compras habituais",SLOW_ZOOM_IN,"","Tom de descoberta",payoff_8
S040,06:23,06:34,aplicacao,"observar o intervalo",A35,image,CHARACTER_SCENE,"Antes de aceitar uma nova assinatura, FIN pausa com o celular na mão e observa o calendário e as contas já existentes",medium,left,"celular sem texto, calendário sem números legíveis, envelopes",HOLD,"","Tique de relógio",utilidade
S041,06:34,06:44,nuance,"não para congelar a vida",A36,image,CHARACTER_SCENE,"FIN escolhe conscientemente um conforto útil numa loja e deixa outro produto para trás sem culpa",wide,right,"produto escolhido, produto recusado, cesta",PAN_LEFT,"","Clique afirmativo",confianca
S042,06:44,06:54,aplicacao,"o dinheiro novo ganha um destino",A37,image,OBJECT_SCENE,"Três recipientes simples recebem objetos ligados ao presente, à reserva e ao futuro, sem rótulos ou porcentagens",medium,left,"carteira, lata de reserva, pequena chave de casa",PAN_RIGHT,"","Papel",modelo
S043,06:54,07:03,consequencia,"enorme no contracheque",A38,image,CHARACTER_SCENE,"FIN segura o comprovante de renda maior diante de uma mesa já ocupada por compromissos fixos e percebe a margem pequena",wide,right,"comprovante sem texto, contas fechadas, carteira",SLOW_ZOOM_IN,"","Grave curto",reversao
S044,07:03,07:13,callback,"volte para aquela mensagem",A01B,image,CHARACTER_SCENE,"FIN volta a olhar o celular da abertura; ao fundo, a casa agora contém pequenas melhorias e novos compromissos recorrentes",wide,left,"mesmo celular, móvel melhorado, envelopes, sacola de delivery",SLOW_ZOOM_OUT,"","Notificação ecoada",callback
S045,07:13,07:23,callback,"período silencioso",A39,image,ENVIRONMENT_SCENE,"A rotina do apartamento mostra delivery, assinatura, transporte e compras integrados ao cotidiano sem cerimônia",wide,right,"embalagem de delivery, caixa de assinatura, chaves, correspondência",LIGHT_PARALLAX,"","Três sons cotidianos",alerta
S046,07:23,07:31,frase_final,"O dinheiro não sumiu",V05,image,CHARACTER_SCENE,"FIN revisa o saldo numa casa mais confortável e finalmente percebe quantas melhorias viraram compromissos permanentes",wide,left,"celular sem texto, móveis melhores, contas, compras habituais",SLOW_ZOOM_IN,"","Pausa e respiração",payoff_final
S047,07:31,07:38,cta,"Se você quer enxergar",A40,image,CHARACTER_SCENE,"FIN organiza recibos e celular sobre a mesa com atenção renovada antes de tomar a próxima decisão",medium,right,"recibos sem texto, celular, lápis",SLOW_ZOOM_OUT,"","Som de descoberta",promessa_canal
S048,07:38,07:43,cta,"inscreva-se",A41,image,ENVIRONMENT_SCENE,"FIN fecha o notebook e deixa uma mesa financeira organizada num ambiente calmo; a marca poderá entrar apenas na edição",wide,left,"notebook, recibos organizados, caneca",HOLD,"","Assinatura sonora",conversao
